{"cameraMode":{"drawMode":0,"name":"Shaded","section":"Shading Mode"},"sceneLighting":true,"audioPlay":false,"sceneViewState":{"showFog":true,"showMaterialUpdate":false,"showSkybox":false,"showFlares":true,"showImageEffects":true,"showParticleSystems":true},"in2DMode":false,"pivot":{"x":10.781728744506836,"y":-3.576536178588867,"z":19.602750778198243},"rotation":{"x":0.31013262271881106,"y":0.5186275243759155,"z":-0.18795636296272279,"w":0.7743033170700073},"size":17.814231872558595,"orthographic":false}