{"cameraMode":{"drawMode":0,"name":"Shaded","section":"Shading Mode"},"sceneLighting":true,"audioPlay":false,"sceneViewState":{"showFog":true,"showMaterialUpdate":false,"showSkybox":false,"showFlares":true,"showImageEffects":true,"showParticleSystems":true},"in2DMode":false,"pivot":{"x":-1.5506911277770997,"y":0.3370683193206787,"z":-0.12902867794036866},"rotation":{"x":0.1324135810136795,"y":-0.803947389125824,"z":0.22912316024303437,"w":0.5325804948806763},"size":5.155682563781738,"orthographic":false}