{"cameraMode":{"drawMode":0,"name":"Shaded","section":"Shading Mode"},"sceneLighting":true,"audioPlay":false,"sceneViewState":{"showFog":true,"showMaterialUpdate":false,"showSkybox":false,"showFlares":true,"showImageEffects":true,"showParticleSystems":true},"in2DMode":false,"pivot":{"x":-544.9287109375,"y":0.8987696170806885,"z":0.922181248664856},"rotation":{"x":-0.30200669169425967,"y":-0.6272403001785278,"z":0.26024380326271059,"w":-0.6690642833709717},"size":4.957884311676025,"orthographic":false}