{"cameraMode":{"drawMode":0,"name":"Shaded","section":"Shading Mode"},"sceneLighting":false,"audioPlay":false,"sceneViewState":{"showFog":true,"showMaterialUpdate":false,"showSkybox":false,"showFlares":true,"showImageEffects":true,"showParticleSystems":true},"in2DMode":false,"pivot":{"x":3.309323310852051,"y":1.6027143001556397,"z":-0.9034087657928467},"rotation":{"x":-0.040416400879621509,"y":-0.9678269624710083,"z":0.2246808260679245,"w":-0.10600297152996063},"size":4.925958156585693,"orthographic":false}