{"cameraMode":{"drawMode":0,"name":"Shaded","section":"Shading Mode"},"sceneLighting":true,"audioPlay":false,"sceneViewState":{"showFog":true,"showMaterialUpdate":false,"showSkybox":false,"showFlares":true,"showImageEffects":true,"showParticleSystems":true},"in2DMode":false,"pivot":{"x":-0.02575618028640747,"y":-2.1714463233947756,"z":-0.665636420249939},"rotation":{"x":-0.014000741764903069,"y":-0.8797165155410767,"z":0.4752632677555084,"w":0.006292176432907581},"size":2.8278489112854006,"orthographic":false}