{"cameraMode":{"drawMode":0,"name":"Shaded","section":"Shading Mode"},"sceneLighting":false,"audioPlay":false,"sceneViewState":{"showFog":true,"showMaterialUpdate":false,"showSkybox":false,"showFlares":true,"showImageEffects":true,"showParticleSystems":true},"in2DMode":false,"pivot":{"x":5.119283676147461,"y":-23.153350830078126,"z":-12.224422454833985},"rotation":{"x":0.0013476607855409384,"y":0.9464351534843445,"z":-0.32291844487190249,"w":0.00394641887396574},"size":71.41024780273438,"orthographic":false}