{"cameraMode":{"drawMode":0,"name":"Shaded","section":"Shading Mode"},"sceneLighting":true,"audioPlay":false,"sceneViewState":{"showFog":true,"showMaterialUpdate":false,"showSkybox":false,"showFlares":true,"showImageEffects":true,"showParticleSystems":true},"in2DMode":false,"pivot":{"x":-56.75786590576172,"y":10.650909423828125,"z":-19.32181167602539},"rotation":{"x":0.3179881274700165,"y":-0.591275691986084,"z":0.2728136479854584,"w":0.6891282200813294},"size":134.91415405273438,"orthographic":false}