{"cameraMode":{"drawMode":0,"name":"Shaded","section":"Shading Mode"},"sceneLighting":false,"audioPlay":false,"sceneViewState":{"showFog":true,"showMaterialUpdate":false,"showSkybox":false,"showFlares":true,"showImageEffects":true,"showParticleSystems":true},"in2DMode":false,"pivot":{"x":1.1920928955078126e-7,"y":1.8214315176010132,"z":5.960464477539063e-8},"rotation":{"x":-0.30200669169425967,"y":-0.6272403001785278,"z":0.26024380326271059,"w":-0.6690642833709717},"size":6.973780155181885,"orthographic":false}