{"cameraMode":{"drawMode":0,"name":"Shaded","section":"Shading Mode"},"sceneLighting":false,"audioPlay":false,"sceneViewState":{"showFog":true,"showMaterialUpdate":false,"showSkybox":false,"showFlares":true,"showImageEffects":true,"showParticleSystems":true},"in2DMode":false,"pivot":{"x":0.616186261177063,"y":1.9557515382766724,"z":-0.0408778190612793},"rotation":{"x":0.004893878474831581,"y":-0.96512770652771,"z":0.26120367646217348,"w":0.018029211089015008},"size":2.742945909500122,"orthographic":false}