{"cameraMode":{"drawMode":0,"name":"Shaded","section":"Shading Mode"},"sceneLighting":false,"audioPlay":false,"sceneViewState":{"showFog":true,"showMaterialUpdate":false,"showSkybox":false,"showFlares":true,"showImageEffects":true,"showParticleSystems":true},"in2DMode":false,"pivot":{"x":10.028825759887696,"y":-2.0743408203125,"z":-7.810691833496094},"rotation":{"x":0.13049264252185822,"y":0.8578763604164124,"z":-0.26707378029823305,"w":0.4191577732563019},"size":35.47938919067383,"orthographic":false}