{"cameraMode":{"drawMode":0,"name":"Shaded","section":"Shading Mode"},"sceneLighting":true,"audioPlay":false,"sceneViewState":{"showFog":true,"showMaterialUpdate":false,"showSkybox":false,"showFlares":true,"showImageEffects":true,"showParticleSystems":true},"in2DMode":false,"pivot":{"x":8.575252532958985,"y":2.6529712677001955,"z":21.128515243530275},"rotation":{"x":0.4322908818721771,"y":-0.15459902584552766,"z":0.09299705177545548,"w":0.8835165500640869},"size":7.480892181396484,"orthographic":false}