{"cameraMode":{"drawMode":0,"name":"Shaded","section":"Shading Mode"},"sceneLighting":false,"audioPlay":false,"sceneViewState":{"showFog":true,"showMaterialUpdate":false,"showSkybox":false,"showFlares":true,"showImageEffects":true,"showParticleSystems":true},"in2DMode":false,"pivot":{"x":0.0,"y":2.4354281425476076,"z":-0.2167031168937683},"rotation":{"x":-0.30200669169425967,"y":-0.6272403001785278,"z":0.26024380326271059,"w":-0.6690642833709717},"size":9.442057609558106,"orthographic":false}