{"cameraMode":{"drawMode":0,"name":"Shaded","section":"Shading Mode"},"sceneLighting":false,"audioPlay":false,"sceneViewState":{"showFog":true,"showMaterialUpdate":false,"showSkybox":false,"showFlares":true,"showImageEffects":true,"showParticleSystems":true},"in2DMode":false,"pivot":{"x":2.541944980621338,"y":1.9757366180419922,"z":-4.541037082672119},"rotation":{"x":-0.23873427510261537,"y":-0.7391480207443237,"z":0.2876131534576416,"w":-0.5603176951408386},"size":13.878963470458985,"orthographic":false}