{"cameraMode":{"drawMode":0,"name":"Shaded","section":"Shading Mode"},"sceneLighting":false,"audioPlay":false,"sceneViewState":{"showFog":true,"showMaterialUpdate":false,"showSkybox":false,"showFlares":true,"showImageEffects":true,"showParticleSystems":true},"in2DMode":false,"pivot":{"x":-17.757770538330079,"y":-5.280372619628906,"z":11.690380096435547},"rotation":{"x":-0.281637579202652,"y":0.5353083610534668,"z":-0.1952868551015854,"w":-0.7720059752464294},"size":45.9354248046875,"orthographic":false}