{"cameraMode":{"drawMode":0,"name":"Shaded","section":"Shading Mode"},"sceneLighting":false,"audioPlay":false,"sceneViewState":{"showFog":true,"showMaterialUpdate":false,"showSkybox":false,"showFlares":true,"showImageEffects":true,"showParticleSystems":true},"in2DMode":false,"pivot":{"x":7.505112648010254,"y":-3.5318641662597658,"z":11.861833572387696},"rotation":{"x":0.37278327345848086,"y":0.4883378744125366,"z":-0.2424294501543045,"w":0.7508695721626282},"size":30.79906463623047,"orthographic":false}