{"cameraMode":{"drawMode":0,"name":"Shaded","section":"Shading Mode"},"sceneLighting":true,"audioPlay":false,"sceneViewState":{"showFog":true,"showMaterialUpdate":false,"showSkybox":false,"showFlares":true,"showImageEffects":true,"showParticleSystems":true},"in2DMode":false,"pivot":{"x":2.088494300842285,"y":-1.9390017986297608,"z":4.0936760902404789},"rotation":{"x":0.08973165601491928,"y":0.9254564046859741,"z":-0.26261597871780398,"w":0.257916122674942},"size":8.088732719421387,"orthographic":false}