{"cameraMode":{"drawMode":0,"name":"Shaded","section":"Shading Mode"},"sceneLighting":true,"audioPlay":false,"sceneViewState":{"showFog":true,"showMaterialUpdate":false,"showSkybox":false,"showFlares":true,"showImageEffects":true,"showParticleSystems":true},"in2DMode":false,"pivot":{"x":5.067000865936279,"y":3.9659996032714845,"z":5.162998676300049},"rotation":{"x":0.45730605721473696,"y":0.27933642268180849,"z":-0.13489992916584016,"w":0.8334624171257019},"size":31.469608306884767,"orthographic":false}