{"cameraMode":{"drawMode":0,"name":"Shaded","section":"Shading Mode"},"sceneLighting":true,"audioPlay":false,"sceneViewState":{"showFog":true,"showMaterialUpdate":false,"showSkybox":false,"showFlares":true,"showImageEffects":true,"showParticleSystems":true},"in2DMode":false,"pivot":{"x":8.503707885742188,"y":-2.4771785736083986,"z":-2.443474769592285},"rotation":{"x":-0.27082136273384097,"y":-0.45185616612434389,"z":0.12706729769706727,"w":-0.8404462933540344},"size":3.189866781234741,"orthographic":false}