{"cameraMode":{"drawMode":0,"name":"Shaded","section":"Shading Mode"},"sceneLighting":false,"audioPlay":false,"sceneViewState":{"showFog":true,"showMaterialUpdate":false,"showSkybox":false,"showFlares":true,"showImageEffects":true,"showParticleSystems":true},"in2DMode":false,"pivot":{"x":-0.41545888781547549,"y":1.9302300214767457,"z":1.3993626832962037},"rotation":{"x":0.2871365547180176,"y":-0.2943187355995178,"z":0.11031261086463928,"w":0.9048588275909424},"size":4.035817623138428,"orthographic":false}