{"cameraMode":{"drawMode":0,"name":"Shaded","section":"Shading Mode"},"sceneLighting":false,"audioPlay":false,"sceneViewState":{"showFog":true,"showMaterialUpdate":false,"showSkybox":false,"showFlares":true,"showImageEffects":true,"showParticleSystems":true},"in2DMode":false,"pivot":{"x":2.1098804473876955,"y":-14.285417556762696,"z":10.842065811157227},"rotation":{"x":-0.2677804231643677,"y":0.6888849139213562,"z":-0.307890921831131,"w":-0.5991318225860596},"size":42.731781005859378,"orthographic":false}