{"cameraMode":{"drawMode":0,"name":"Shaded","section":"Shading Mode"},"sceneLighting":false,"audioPlay":false,"sceneViewState":{"showFog":true,"showMaterialUpdate":false,"showSkybox":false,"showFlares":true,"showImageEffects":true,"showParticleSystems":true},"in2DMode":false,"pivot":{"x":9.386601448059082,"y":-12.754274368286133,"z":21.769548416137697},"rotation":{"x":0.42914748191833498,"y":-0.11274436861276627,"z":0.05408702790737152,"w":0.8945379853248596},"size":40.052242279052737,"orthographic":false}