{"cameraMode":{"drawMode":0,"name":"Shaded","section":"Shading Mode"},"sceneLighting":false,"audioPlay":false,"sceneViewState":{"showFog":true,"showMaterialUpdate":false,"showSkybox":false,"showFlares":true,"showImageEffects":true,"showParticleSystems":true},"in2DMode":false,"pivot":{"x":0.339996337890625,"y":-3.369999885559082,"z":1.8400039672851563},"rotation":{"x":-0.30200669169425967,"y":-0.6272403001785278,"z":0.26024380326271059,"w":-0.6690642833709717},"size":41.930870056152347,"orthographic":false}