{"cameraMode":{"drawMode":0,"name":"Shaded","section":"Shading Mode"},"sceneLighting":false,"audioPlay":false,"sceneViewState":{"showFog":true,"showMaterialUpdate":false,"showSkybox":false,"showFlares":true,"showImageEffects":true,"showParticleSystems":true},"in2DMode":false,"pivot":{"x":78.04502868652344,"y":3.499598503112793,"z":-28.099279403686525},"rotation":{"x":0.19917793571949006,"y":0.7786605358123779,"z":-0.30273357033729555,"w":0.5122735500335693},"size":2.761098623275757,"orthographic":false}