{"cameraMode":{"drawMode":0,"name":"Shaded","section":"Shading Mode"},"sceneLighting":false,"audioPlay":false,"sceneViewState":{"showFog":true,"showMaterialUpdate":false,"showSkybox":false,"showFlares":true,"showImageEffects":true,"showParticleSystems":true},"in2DMode":false,"pivot":{"x":-1.2124743461608887,"y":2.2573561668395998,"z":-0.24408435821533204},"rotation":{"x":0.25518131256103518,"y":-0.3475123643875122,"z":0.11621497571468353,"w":0.8947745561599731},"size":8.237245559692383,"orthographic":false}