{"cameraMode":{"drawMode":0,"name":"Shaded","section":"Shading Mode"},"sceneLighting":false,"audioPlay":false,"sceneViewState":{"showFog":true,"showMaterialUpdate":false,"showSkybox":false,"showFlares":true,"showImageEffects":true,"showParticleSystems":true},"in2DMode":false,"pivot":{"x":1.4933552742004395,"y":0.1919238567352295,"z":1.0233218669891358},"rotation":{"x":0.32296717166900637,"y":-0.6487343907356262,"z":0.3627300262451172,"w":0.5858948230743408},"size":2.205892324447632,"orthographic":false}