{"cameraMode":{"drawMode":0,"name":"Shaded","section":"Shading Mode"},"sceneLighting":false,"audioPlay":false,"sceneViewState":{"showFog":true,"showMaterialUpdate":false,"showSkybox":false,"showFlares":true,"showImageEffects":true,"showParticleSystems":true},"in2DMode":false,"pivot":{"x":10.25037956237793,"y":-3.9566001892089845,"z":13.162904739379883},"rotation":{"x":-0.4084239900112152,"y":-0.4977132976055145,"z":0.28649166226387026,"w":-0.7095122337341309},"size":33.63335037231445,"orthographic":false}