{"cameraMode":{"drawMode":0,"name":"Shaded","section":"Shading Mode"},"sceneLighting":false,"audioPlay":false,"sceneViewState":{"showFog":true,"showMaterialUpdate":false,"showSkybox":false,"showFlares":true,"showImageEffects":true,"showParticleSystems":true},"in2DMode":false,"pivot":{"x":0.0,"y":1.783546805381775,"z":-0.0000045299530029296878},"rotation":{"x":-0.30200669169425967,"y":-0.6272403001785278,"z":0.26024380326271059,"w":-0.6690642833709717},"size":6.963771343231201,"orthographic":false}