{"cameraMode":{"drawMode":0,"name":"Shaded","section":"Shading Mode"},"sceneLighting":true,"audioPlay":false,"sceneViewState":{"showFog":true,"showMaterialUpdate":false,"showSkybox":false,"showFlares":true,"showImageEffects":true,"showParticleSystems":true},"in2DMode":false,"pivot":{"x":-5.33760404586792,"y":-4.317333221435547,"z":9.211775779724121},"rotation":{"x":0.15976855158805848,"y":-0.7483584880828857,"z":0.22339266538619996,"w":0.603781521320343},"size":12.145326614379883,"orthographic":false}