{"cameraMode":{"drawMode":0,"name":"Shaded","section":"Shading Mode"},"sceneLighting":false,"audioPlay":false,"sceneViewState":{"showFog":true,"showMaterialUpdate":false,"showSkybox":false,"showFlares":true,"showImageEffects":true,"showParticleSystems":true},"in2DMode":false,"pivot":{"x":-3.942267417907715,"y":-5.80755615234375,"z":-4.596440315246582},"rotation":{"x":-0.016582436859607698,"y":0.9116020798683167,"z":-0.40907666087150576,"w":-0.03695312887430191},"size":28.578840255737306,"orthographic":false}