{"cameraMode":{"drawMode":0,"name":"Shaded","section":"Shading Mode"},"sceneLighting":false,"audioPlay":false,"sceneViewState":{"showFog":true,"showMaterialUpdate":false,"showSkybox":false,"showFlares":true,"showImageEffects":true,"showParticleSystems":true},"in2DMode":false,"pivot":{"x":-1.0890569686889649,"y":-0.16783690452575684,"z":2.2741780281066896},"rotation":{"x":-0.1848095804452896,"y":0.5400887727737427,"z":-0.12291423976421356,"w":-0.8118440508842468},"size":3.630479335784912,"orthographic":false}