{"cameraMode":{"drawMode":0,"name":"Shaded","section":"Shading Mode"},"sceneLighting":false,"audioPlay":false,"sceneViewState":{"showFog":true,"showMaterialUpdate":false,"showSkybox":false,"showFlares":true,"showImageEffects":true,"showParticleSystems":true},"in2DMode":false,"pivot":{"x":1260.8681640625,"y":358.94256591796877,"z":-62.580078125},"rotation":{"x":0.05414769798517227,"y":-0.944165825843811,"z":0.25705134868621828,"w":0.19887986779212953},"size":845.5865478515625,"orthographic":false}