{"cameraMode":{"drawMode":0,"name":"Shaded","section":"Shading Mode"},"sceneLighting":true,"audioPlay":false,"sceneViewState":{"showFog":true,"showMaterialUpdate":false,"showSkybox":false,"showFlares":true,"showImageEffects":true,"showParticleSystems":true},"in2DMode":false,"pivot":{"x":9.339658737182618,"y":-3.9701805114746095,"z":6.676242828369141},"rotation":{"x":-0.38945433497428896,"y":-0.47006815671920779,"z":0.2205118089914322,"w":-0.7607622146606445},"size":16.1521053314209,"orthographic":false}