{"cameraMode":{"drawMode":0,"name":"Shaded","section":"Shading Mode"},"sceneLighting":false,"audioPlay":false,"sceneViewState":{"showFog":true,"showMaterialUpdate":false,"showSkybox":false,"showFlares":true,"showImageEffects":true,"showParticleSystems":true},"in2DMode":false,"pivot":{"x":-0.28062981367111208,"y":0.3233793377876282,"z":-0.05443209409713745},"rotation":{"x":0.3414478003978729,"y":-0.4173945486545563,"z":0.17673182487487794,"w":0.8233900666236877},"size":1.0500001907348633,"orthographic":false}