{"cameraMode":{"drawMode":0,"name":"Shaded","section":"Shading Mode"},"sceneLighting":false,"audioPlay":false,"sceneViewState":{"showFog":true,"showMaterialUpdate":false,"showSkybox":false,"showFlares":true,"showImageEffects":true,"showParticleSystems":true},"in2DMode":false,"pivot":{"x":0.9212875366210938,"y":-0.16085314750671388,"z":0.9826109409332275},"rotation":{"x":0.16277092695236207,"y":0.8323222398757935,"z":-0.42102208733558657,"w":0.3217795789241791},"size":1.462998390197754,"orthographic":false}