{"cameraMode":{"drawMode":0,"name":"Shaded","section":"Shading Mode"},"sceneLighting":true,"audioPlay":false,"sceneViewState":{"showFog":true,"showMaterialUpdate":false,"showSkybox":false,"showFlares":true,"showImageEffects":true,"showParticleSystems":true},"in2DMode":false,"pivot":{"x":-562.3223876953125,"y":-3.745166301727295,"z":259.93927001953127},"rotation":{"x":0.36300262808799746,"y":-0.5203051567077637,"z":0.2840029001235962,"w":0.7189335823059082},"size":17.03150177001953,"orthographic":false}