{"cameraMode":{"drawMode":0,"name":"Shaded","section":"Shading Mode"},"sceneLighting":true,"audioPlay":false,"sceneViewState":{"showFog":true,"showMaterialUpdate":false,"showSkybox":false,"showFlares":true,"showImageEffects":true,"showParticleSystems":true},"in2DMode":false,"pivot":{"x":0.19344758987426759,"y":0.9222807884216309,"z":-0.2479715347290039},"rotation":{"x":0.03666992112994194,"y":0.9735482931137085,"z":-0.2016085833311081,"w":0.10113789141178131},"size":4.657884120941162,"orthographic":false}