{"cameraMode":{"drawMode":0,"name":"Shaded","section":"Shading Mode"},"sceneLighting":true,"audioPlay":false,"sceneViewState":{"showFog":true,"showMaterialUpdate":false,"showSkybox":false,"showFlares":true,"showImageEffects":true,"showParticleSystems":true},"in2DMode":false,"pivot":{"x":4.617480278015137,"y":1.4898040294647217,"z":8.968515396118164},"rotation":{"x":0.041417721658945087,"y":0.9662847518920898,"z":-0.2304164320230484,"w":0.10724148899316788},"size":4.8321733474731449,"orthographic":false}