{"cameraMode":{"drawMode":0,"name":"Shaded","section":"Shading Mode"},"sceneLighting":false,"audioPlay":false,"sceneViewState":{"showFog":true,"showMaterialUpdate":false,"showSkybox":false,"showFlares":true,"showImageEffects":true,"showParticleSystems":true},"in2DMode":false,"pivot":{"x":1.5641138553619385,"y":34.928340911865237,"z":39.866004943847659},"rotation":{"x":-0.006276336032897234,"y":0.10210199654102326,"z":-0.0006431785877794027,"w":-0.9947561025619507},"size":11.668428421020508,"orthographic":false}