{"cameraMode":{"drawMode":0,"name":"Shaded","section":"Shading Mode"},"sceneLighting":true,"audioPlay":false,"sceneViewState":{"showFog":true,"showMaterialUpdate":false,"showSkybox":false,"showFlares":true,"showImageEffects":true,"showParticleSystems":true},"in2DMode":false,"pivot":{"x":0.13094162940979005,"y":2.593323230743408,"z":-6.2267656326293949},"rotation":{"x":0.020027244463562967,"y":0.9951708912849426,"z":-0.06653214246034622,"w":0.06944727897644043},"size":15.567336082458496,"orthographic":false}